{
  "spearman_corr": 0.24853398851328984,
  "spearman_pval": 4.986227490139467e-31,
  "kendall_corr": 0.16528720035201924,
  "kendall_pval": 2.1469902401986633e-28,
  "top_k_metrics": {
    "0.15": {
      "k": 317,
      "precision": 0.2334384858044164,
      "recall": 0.2334384858044164,
      "f_score": 0.2334384858044164,
      "coverage_true": 0.347820907831192,
      "coverage_pred": 0.8285840153694153,
      "intersection": 74
    },
    "0.20": {
      "k": 422,
      "precision": 0.3175355450236967,
      "recall": 0.3175355450236967,
      "f_score": 0.3175355450236967,
      "coverage_true": 0.3435562551021576,
      "coverage_pred": 0.7904258966445923,
      "intersection": 134
    },
    "0.25": {
      "k": 527,
      "precision": 0.3870967741935484,
      "recall": 0.3870967741935484,
      "f_score": 0.3870967741935484,
      "coverage_true": 0.3394198715686798,
      "coverage_pred": 0.756202757358551,
      "intersection": 204
    }
  }
}