{
  "spearman_corr": 0.2337256527799791,
  "spearman_pval": 1.0783837538682321e-24,
  "kendall_corr": 0.18784466018846868,
  "kendall_pval": 8.866757281010759e-25,
  "top_k_metrics": {
    "0.15": {
      "k": 282,
      "precision": 0.549645390070922,
      "recall": 0.549645390070922,
      "f_score": 0.549645390070922,
      "coverage_true": 0.1879432648420334,
      "coverage_pred": 0.8945287466049194,
      "intersection": 155
    },
    "0.20": {
      "k": 376,
      "precision": 0.5079787234042553,
      "recall": 0.5079787234042553,
      "f_score": 0.5079787234042553,
      "coverage_true": 0.15159574151039124,
      "coverage_pred": 0.7034932971000671,
      "intersection": 191
    },
    "0.25": {
      "k": 469,
      "precision": 0.43283582089552236,
      "recall": 0.43283582089552236,
      "f_score": 0.43283582089552236,
      "coverage_true": 0.10660980641841888,
      "coverage_pred": 0.5698615908622742,
      "intersection": 203
    }
  }
}