{
  "10%": {
    "k": 121,
    "precision": 0.9421487603305785,
    "recall": 0.5846153846153846,
    "f1": 0.721518982615967,
    "matched_shots": 114
  },
  "15%": {
    "k": 182,
    "precision": 0.8681318681318682,
    "recall": 0.8102564102564103,
    "f1": 0.838196281478094,
    "matched_shots": 158
  }
}